datetime,open,high,low,close,volume
2021-01-02 00:00:00,730.97,789.21,715.22,775.3,368899.31941969
2021-01-03 00:00:00,775.29,1015.14,770.0,980.44,858743.81908511
2021-01-04 00:00:00,980.44,1168.99,886.33,1042.38,1103882.9026854
2021-01-05 00:00:00,1042.24,1136.93,975.0,1103.73,858495.88816745
2021-01-06 00:00:00,1103.71,1215.98,1058.32,1212.02,821084.91284462
2021-01-07 00:00:00,1212.68,1291.94,1140.0,1227.34,661416.03292889
2021-01-08 00:00:00,1227.55,1275.0,1063.18,1217.35,781425.78426996
2021-01-09 00:00:00,1217.31,1310.0,1172.86,1281.45,434123.02634182
2021-01-10 00:00:00,1281.25,1350.88,1153.0,1255.13,670103.5931583
2021-01-11 00:00:00,1255.1,1260.24,905.0,1088.79,1556217.07756248
2021-01-12 00:00:00,1088.55,1150.0,1006.83,1049.79,656376.70350396
2021-01-13 00:00:00,1050.46,1137.75,980.0,1130.8,504920.57439418
2021-01-14 00:00:00,1130.79,1246.99,1087.05,1231.32,438467.28987015
2021-01-15 00:00:00,1231.59,1255.59,1065.0,1168.1,578841.8829192
2021-01-16 00:00:00,1169.04,1294.0,1152.3,1227.14,422140.39314774
2021-01-17 00:00:00,1227.76,1268.83,1165.78,1232.99,295103.60231119
2021-01-18 00:00:00,1232.6,1261.0,1181.9,1258.48,287749.94730348
2021-01-19 00:00:00,1258.55,1440.0,1252.01,1368.04,709702.99933138
2021-01-20 00:00:00,1367.7,1408.5,1234.01,1376.88,596370.07168489
2021-01-21 00:00:00,1377.15,1390.0,1081.0,1110.62,789194.34468025
2021-01-22 00:00:00,1110.61,1275.99,1039.62,1233.6,758560.99547401
2021-01-23 00:00:00,1233.42,1272.0,1196.74,1234.55,269855.02080844
2021-01-24 00:00:00,1234.47,1401.92,1221.66,1394.0,434746.40508943
2021-01-25 00:00:00,1394.04,1477.3,1293.65,1317.97,627535.52793717
2021-01-26 00:00:00,1317.98,1378.12,1245.0,1367.98,484756.90659865
2021-01-27 00:00:00,1367.97,1375.91,1206.05,1240.96,546037.67685749
2021-01-28 00:00:00,1240.62,1363.27,1220.08,1333.19,361803.16655087
2021-01-29 00:00:00,1333.61,1442.88,1286.56,1379.87,629545.82992845
2021-01-30 00:00:00,1380.04,1408.97,1327.0,1380.0,283799.50273321
2021-01-31 00:00:00,1380.0,1382.0,1283.0,1313.94,216853.04918505
2021-02-01 00:00:00,1313.95,1378.02,1271.31,1374.6,282549.58638538
2021-02-02 00:00:00,1374.55,1549.0,1360.27,1513.67,596570.35740844
2021-02-03 00:00:00,1513.85,1672.21,1509.48,1668.72,492422.63736011
2021-02-04 00:00:00,1668.71,1699.0,1556.0,1597.55,531943.12791716
2021-02-05 00:00:00,1597.34,1763.93,1589.17,1721.06,414535.83691975
2021-02-06 00:00:00,1721.06,1745.25,1646.7,1679.77,330440.89591973
2021-02-07 00:00:00,1679.76,1695.38,1493.28,1615.32,416691.917484
2021-02-08 00:00:00,1615.51,1780.0,1565.98,1752.98,454314.62328634
2021-02-09 00:00:00,1752.98,1824.23,1710.01,1772.16,345860.43376582
2021-02-10 00:00:00,1771.91,1839.0,1680.0,1742.93,368565.10934926
2021-02-11 00:00:00,1742.51,1819.0,1704.23,1787.32,263018.46640028
2021-02-12 00:00:00,1787.33,1868.9,1741.29,1845.0,324522.83669583
2021-02-13 00:00:00,1844.78,1877.88,1766.15,1818.01,222718.507164
2021-02-14 00:00:00,1817.85,1852.47,1785.07,1803.75,172443.99258151
2021-02-15 00:00:00,1803.25,1836.0,1659.93,1779.62,320429.97588848
2021-02-16 00:00:00,1780.59,1825.0,1725.0,1781.97,209801.29066471
2021-02-17 00:00:00,1782.14,1857.61,1733.87,1852.0,224624.79625355
2021-02-18 00:00:00,1851.9,1950.3,1851.47,1939.64,279501.81066288
2021-02-19 00:00:00,1939.64,1974.98,1890.0,1957.68,247118.43154671
2021-02-20 00:00:00,1957.9,2041.42,1811.25,1915.46,419107.37348279
2021-02-21 00:00:00,1915.01,1976.72,1885.0,1935.57,159669.07872776
2021-02-22 00:00:00,1935.67,1938.95,1507.34,1778.66,665395.31208108
2021-02-23 00:00:00,1778.33,1783.22,1356.0,1577.83,1013355.39743643
2021-02-24 00:00:00,1577.84,1714.0,1500.28,1625.3,440088.38004088
2021-02-25 00:00:00,1625.27,1672.49,1458.5,1482.62,335391.64228393
2021-02-26 00:00:00,1482.05,1564.11,1400.01,1445.18,380775.95904184
2021-02-27 00:00:00,1445.09,1526.82,1420.0,1460.57,231399.55692715
2021-02-28 00:00:00,1460.49,1469.96,1292.76,1422.02,460805.82144299
2021-03-01 00:00:00,1421.8,1574.28,1412.61,1571.82,313413.589566
2021-03-02 00:00:00,1571.87,1605.89,1455.86,1488.34,240668.58113618
2021-03-03 00:00:00,1488.34,1657.91,1476.72,1567.86,233779.70945241
2021-03-04 00:00:00,1568.4,1625.0,1504.06,1539.69,231528.48274717
2021-03-05 00:00:00,1539.53,1551.19,1442.32,1528.82,324961.01226774
2021-03-06 00:00:00,1528.82,1673.02,1512.45,1651.83,248888.00355718
2021-03-07 00:00:00,1651.75,1735.0,1631.07,1728.22,210732.49738587
2021-03-08 00:00:00,1727.95,1843.99,1664.08,1834.58,310581.14494936
2021-03-09 00:00:00,1834.88,1872.26,1800.0,1871.99,225203.26521323
2021-03-10 00:00:00,1871.93,1879.0,1756.29,1795.37,284059.53415917
2021-03-11 00:00:00,1795.55,1847.0,1725.0,1827.04,210929.2155979
2021-03-12 00:00:00,1826.53,1841.96,1721.15,1767.79,236995.37958528
2021-03-13 00:00:00,1766.76,1944.0,1728.3,1921.61,242511.38585835
2021-03-14 00:00:00,1921.76,1931.97,1836.61,1848.9,153591.2699543
2021-03-15 00:00:00,1848.56,1893.75,1734.87,1795.07,283178.47343009
2021-03-16 00:00:00,1794.08,1819.2,1706.25,1806.03,183635.76254277
2021-03-17 00:00:00,1805.7,1841.13,1742.0,1824.74,192527.7769105
2021-03-18 00:00:00,1824.45,1850.0,1758.4,1776.4,190138.5330396
2021-03-19 00:00:00,1776.4,1840.69,1734.29,1809.38,144695.63348271
2021-03-20 00:00:00,1808.95,1869.0,1800.55,1806.47,111937.33021974
2021-03-21 00:00:00,1806.04,1818.86,1748.25,1784.0,121647.31152544
2021-03-22 00:00:00,1784.11,1806.39,1657.17,1681.02,200417.24791012
2021-03-23 00:00:00,1681.4,1723.61,1651.58,1668.09,212509.86225776
2021-03-24 00:00:00,1668.37,1740.91,1545.77,1581.79,278130.15826272
2021-03-25 00:00:00,1581.97,1622.27,1548.69,1587.08,286235.84724682
2021-03-26 00:00:00,1587.01,1700.7,1586.81,1700.1,175253.6705026
2021-03-27 00:00:00,1699.97,1732.85,1666.4,1713.88,110263.21715736
2021-03-28 00:00:00,1713.96,1725.71,1662.0,1686.92,95999.89882024
2021-03-29 00:00:00,1686.92,1841.88,1675.28,1815.73,203102.37426045
2021-03-30 00:00:00,1815.73,1860.0,1785.77,1841.16,151376.69947985
2021-03-31 00:00:00,1841.03,1948.0,1771.94,1920.0,263472.22513295
2021-04-01 00:00:00,1919.99,1982.21,1886.11,1968.38,206220.44426132
2021-04-02 00:00:00,1968.74,2145.0,1948.67,2134.68,273307.72019019
2021-04-03 00:00:00,2134.38,2139.33,2000.0,2009.25,198152.20897275
2021-04-04 00:00:00,2008.97,2093.07,1980.0,2076.36,117506.19033922
2021-04-05 00:00:00,2076.31,2131.27,2003.1,2106.98,150633.34725495
2021-04-06 00:00:00,2107.45,2151.0,2046.08,2113.0,195664.36827122
2021-04-07 00:00:00,2113.55,2128.99,1929.69,1964.23,297887.0746854
2021-04-08 00:00:00,1964.69,2084.54,1949.34,2081.29,134740.59760903
2021-04-09 00:00:00,2081.29,2100.0,2048.41,2066.03,116343.17660276
2021-04-10 00:00:00,2066.5,2195.0,2057.2,2133.08,172198.2806936
2021-04-11 00:00:00,2133.07,2163.18,2112.58,2150.54,83861.37599123
2021-04-12 00:00:00,2150.54,2199.11,2102.55,2138.03,127578.86243868
2021-04-13 00:00:00,2138.02,2317.3,2135.9,2299.92,230007.9920857
2021-04-14 00:00:00,2300.01,2446.91,2283.26,2432.54,322816.09722215
2021-04-15 00:00:00,2432.16,2546.82,2401.25,2517.03,218658.15563428
2021-04-16 00:00:00,2517.03,2548.0,2305.0,2426.64,305993.48077725
2021-04-17 00:00:00,2426.64,2497.84,2305.55,2318.7,184015.29039346
2021-04-18 00:00:00,2319.11,2341.0,2000.0,2241.46,484164.17039406
2021-04-19 00:00:00,2241.67,2282.6,2050.0,2163.82,269095.50575273
2021-04-20 00:00:00,2163.69,2349.5,2054.25,2332.6,312215.54603767
2021-04-21 00:00:00,2332.18,2471.72,2237.02,2357.21,305022.6790685
2021-04-22 00:00:00,2357.74,2646.2,2304.0,2399.99,584078.8877022
2021-04-23 00:00:00,2399.21,2442.29,2040.0,2370.05,644161.18986279
2021-04-24 00:00:00,2369.8,2371.18,2158.36,2216.72,220990.83137577
2021-04-25 00:00:00,2216.18,2358.22,2166.0,2322.16,253708.11161981
2021-04-26 00:00:00,2322.43,2542.04,2306.03,2534.0,310905.02678021
2021-04-27 00:00:00,2533.99,2683.0,2484.56,2667.86,276539.98979416
2021-04-28 00:00:00,2667.86,2762.59,2551.0,2751.59,388997.91493036
2021-04-29 00:00:00,2751.56,2800.0,2672.0,2758.92,289566.94008224
2021-04-30 00:00:00,2758.92,2800.0,2727.0,2776.45,203784.33868508
2021-05-01 00:00:00,2776.76,2955.9,2757.28,2948.92,219121.32332416
2021-05-02 00:00:00,2948.92,2986.0,2855.29,2952.09,158755.45128689
2021-05-03 00:00:00,2952.21,3457.75,2952.08,3433.99,552087.28112543
2021-05-04 00:00:00,3433.99,3534.5,3166.12,3240.01,713308.42978124
2021-05-05 00:00:00,3239.61,3550.0,3201.33,3529.97,466260.19811275
2021-05-06 00:00:00,3529.96,3610.91,3381.11,3492.75,368967.13672979
2021-05-07 00:00:00,3492.33,3595.07,3356.69,3484.7,305837.39644288
2021-05-08 00:00:00,3484.69,3962.44,3455.0,3917.26,329490.02398979
2021-05-09 00:00:00,3917.26,3984.0,3726.29,3928.44,303199.06513222
2021-05-10 00:00:00,3928.41,4213.85,3650.01,3949.45,591122.82046763
2021-05-11 00:00:00,3949.45,4183.25,3760.0,4179.76,371785.21687275
2021-05-12 00:00:00,4179.77,4384.43,3700.0,3826.37,617506.79293758
2021-05-13 00:00:00,3826.37,4055.62,3525.62,3719.23,812296.19058095
2021-05-14 00:00:00,3719.22,4177.77,3695.0,4080.51,344804.82454669
2021-05-15 00:00:00,4080.51,4138.0,3632.0,3649.54,332664.12210277
2021-05-16 00:00:00,3648.16,3878.23,3334.88,3585.62,496714.18827206
2021-05-17 00:00:00,3584.79,3590.0,3101.0,3283.32,681492.46445778
2021-05-18 00:00:00,3283.32,3567.4,3241.06,3375.96,443596.42566946
2021-05-19 00:00:00,3376.98,3444.96,1860.0,2443.91,1664158.9063247
2021-05-20 00:00:00,2443.91,2999.99,2156.0,2775.07,1050830.69730324
2021-05-21 00:00:00,2775.06,2950.0,2105.0,2434.86,936011.86609611
2021-05-22 00:00:00,2434.86,2486.29,2156.0,2297.19,665111.58789821
2021-05-23 00:00:00,2296.68,2382.0,1728.0,2099.58,1045012.76021567
2021-05-24 00:00:00,2100.07,2678.25,2072.15,2651.24,860939.09041545
2021-05-25 00:00:00,2651.57,2768.0,2383.39,2707.56,725633.89598362
2021-05-26 00:00:00,2707.75,2913.68,2647.21,2889.84,532990.73904717
2021-05-27 00:00:00,2889.43,2893.96,2639.32,2745.51,380707.48775302
2021-05-28 00:00:00,2745.25,2762.91,2329.2,2413.81,657497.5191979
2021-05-29 00:00:00,2413.28,2574.86,2207.74,2280.72,496783.55299687
2021-05-30 00:00:00,2280.78,2480.69,2182.2,2387.66,388966.15183724
2021-05-31 00:00:00,2387.65,2720.0,2275.22,2707.12,400639.23849696
2021-06-01 00:00:00,2707.87,2748.0,2527.88,2634.42,341435.04494495
2021-06-02 00:00:00,2634.46,2803.0,2552.28,2706.64,268753.93459884
2021-06-03 00:00:00,2706.87,2890.0,2663.02,2856.68,254235.89167581
2021-06-04 00:00:00,2856.73,2859.85,2554.39,2690.68,294466.9594428
2021-06-05 00:00:00,2691.13,2816.92,2552.18,2629.75,228143.70836692
2021-06-06 00:00:00,2629.45,2745.36,2615.0,2710.97,122420.16649011
2021-06-07 00:00:00,2710.97,2849.15,2575.0,2592.47,267934.37140931
2021-06-08 00:00:00,2592.47,2621.91,2306.52,2509.11,451505.06172677
2021-06-09 00:00:00,2509.1,2628.16,2406.33,2611.27,291643.03769418
2021-06-10 00:00:00,2611.4,2625.0,2428.16,2471.59,181679.49879048
2021-06-11 00:00:00,2471.59,2499.34,2322.16,2355.27,189880.6813896
2021-06-12 00:00:00,2355.11,2452.58,2257.07,2371.49,177293.96771257
2021-06-13 00:00:00,2371.85,2550.0,2309.67,2510.23,172712.48563163
2021-06-14 00:00:00,2510.22,2609.02,2461.63,2582.86,169626.35302782
2021-06-15 00:00:00,2582.45,2640.0,2506.23,2543.58,168529.3479128
2021-06-16 00:00:00,2543.57,2555.0,2351.01,2367.73,178257.28803783
2021-06-17 00:00:00,2368.24,2459.53,2306.35,2373.33,153637.62400874
2021-06-18 00:00:00,2373.33,2377.8,2125.12,2234.47,273328.22658507
2021-06-19 00:00:00,2234.8,2279.0,2162.72,2164.72,162828.91242019
2021-06-20 00:00:00,2165.13,2275.78,2042.5,2242.9,231871.91509491
2021-06-21 00:00:00,2242.89,2259.1,1864.5,1885.67,598655.07269099
2021-06-22 00:00:00,1885.49,1996.67,1700.0,1881.65,620163.37396399
2021-06-23 00:00:00,1881.24,2045.0,1823.97,1968.37,287217.09052056
2021-06-24 00:00:00,1968.36,2035.39,1884.77,1988.81,208623.5990145
2021-06-25 00:00:00,1988.81,2019.39,1792.0,1809.07,370739.74744615
2021-06-26 00:00:00,1809.07,1851.97,1717.41,1829.17,238207.16665611
2021-06-27 00:00:00,1829.0,1988.62,1807.89,1984.71,177413.91064922
2021-06-28 00:00:00,1984.84,2143.67,1957.24,2083.79,278261.98240028
2021-06-29 00:00:00,2083.99,2247.03,2074.53,2166.18,215702.68781407
2021-06-30 00:00:00,2165.64,2288.0,2089.16,2276.72,254873.14574192
2021-07-01 00:00:00,2276.74,2277.44,2072.06,2107.01,240720.57482006
2021-07-02 00:00:00,2107.75,2159.43,2017.07,2156.0,192127.19122379
2021-07-03 00:00:00,2156.0,2239.69,2113.18,2226.95,98666.79185779
2021-07-04 00:00:00,2227.46,2389.22,2190.56,2323.15,126325.73621254
2021-07-05 00:00:00,2323.27,2324.44,2160.0,2197.34,156103.9362224
2021-07-06 00:00:00,2197.34,2350.0,2195.02,2321.84,165693.46720418
2021-07-07 00:00:00,2322.2,2411.19,2294.16,2316.82,159702.0440841
2021-07-08 00:00:00,2317.64,2325.46,2084.0,2116.95,223830.00371273
2021-07-09 00:00:00,2116.3,2189.28,2050.0,2147.38,190883.32617917
2021-07-10 00:00:00,2147.38,2192.98,2075.0,2110.55,116594.48589325
2021-07-11 00:00:00,2110.56,2173.37,2081.51,2140.82,89340.97126887
2021-07-12 00:00:00,2141.45,2169.0,2002.0,2030.72,174561.37955667
2021-07-13 00:00:00,2030.74,2047.72,1917.4,1940.76,217891.77262081
2021-07-14 00:00:00,1940.34,2019.9,1865.5,1994.11,195351.53451543
2021-07-15 00:00:00,1994.12,2039.99,1880.0,1918.07,229477.74435019
2021-07-16 00:00:00,1918.99,1965.35,1850.15,1877.22,184221.68200937
2021-07-17 00:00:00,1877.22,1919.0,1847.0,1899.75,113724.29716977
2021-07-18 00:00:00,1899.75,1994.4,1878.67,1891.46,124679.10845278
2021-07-19 00:00:00,1891.46,1918.65,1805.47,1818.44,191611.5191467
2021-07-20 00:00:00,1818.45,1840.79,1718.41,1786.46,278984.79921803
2021-07-21 00:00:00,1786.51,2033.16,1754.27,1996.18,263702.46075895
2021-07-22 00:00:00,1996.21,2046.74,1948.68,2024.75,196355.49626351
2021-07-23 00:00:00,2024.75,2131.51,1995.0,2125.81,177278.18951605
2021-07-24 00:00:00,2125.82,2200.0,2107.13,2185.95,151102.52474975
2021-07-25 00:00:00,2186.76,2197.05,2108.08,2193.03,129013.98912781
2021-07-26 00:00:00,2192.38,2437.99,2172.99,2228.26,427763.06726806
2021-07-27 00:00:00,2228.71,2321.0,2152.0,2300.59,253782.97390467
2021-07-28 00:00:00,2300.28,2347.88,2245.1,2300.42,205833.21106135
2021-07-29 00:00:00,2300.76,2399.99,2267.78,2383.32,172925.7166805
2021-07-30 00:00:00,2383.47,2474.82,2317.51,2463.9,222140.744211
2021-07-31 00:00:00,2463.88,2555.0,2422.31,2533.74,134549.11974341
2021-08-01 00:00:00,2533.54,2699.0,2511.5,2555.43,260742.0604239
2021-08-02 00:00:00,2555.99,2666.36,2503.7,2608.12,234264.49105555
2021-08-03 00:00:00,2608.12,2633.0,2445.58,2508.31,237814.06443089
2021-08-04 00:00:00,2508.16,2771.42,2455.94,2724.71,250129.62895073
2021-08-05 00:00:00,2724.71,2845.0,2530.69,2829.35,326176.98753449
2021-08-06 00:00:00,2829.49,2949.21,2721.0,2892.98,283374.42059615
2021-08-07 00:00:00,2892.83,3173.72,2866.58,3163.09,299359.36243726
2021-08-08 00:00:00,3163.09,3191.99,2948.76,3014.13,244654.45876056
2021-08-09 00:00:00,3014.12,3190.0,2892.5,3162.34,315853.32665056
2021-08-10 00:00:00,3162.33,3235.1,3051.0,3142.09,223500.03188943
2021-08-11 00:00:00,3142.18,3275.0,3122.22,3162.61,194586.91786387
2021-08-12 00:00:00,3162.16,3239.69,2980.0,3047.21,243214.90148817
2021-08-13 00:00:00,3047.21,3330.0,3034.52,3324.51,190905.3520745
2021-08-14 00:00:00,3324.51,3333.0,3206.96,3266.52,118892.50906903
2021-08-15 00:00:00,3266.52,3323.54,3112.96,3310.93,162311.47927523
2021-08-16 00:00:00,3311.02,3341.47,3135.0,3146.6,177756.89052157
2021-08-17 00:00:00,3146.6,3293.15,2992.15,3011.01,246541.89921532
2021-08-18 00:00:00,3011.77,3126.51,2951.0,3014.38,193245.63285215
2021-08-19 00:00:00,3014.38,3187.48,2960.0,3184.21,161902.28879318
2021-08-20 00:00:00,3184.32,3300.0,3178.65,3286.58,173202.49961989
2021-08-21 00:00:00,3286.82,3311.0,3206.96,3226.73,108432.72740463
2021-08-22 00:00:00,3226.38,3275.0,3128.82,3241.42,98417.87656735
2021-08-23 00:00:00,3241.41,3378.6,3233.19,3323.12,170976.09020067
2021-08-24 00:00:00,3322.76,3360.0,3133.45,3171.52,162665.07930976
2021-08-25 00:00:00,3170.94,3249.0,3079.92,3228.51,138830.69124351
2021-08-26 00:00:00,3228.51,3251.05,3056.0,3093.2,140286.63490594
2021-08-27 00:00:00,3092.71,3283.26,3050.0,3274.67,168913.62309989
2021-08-28 00:00:00,3275.32,3290.51,3212.01,3247.99,72183.42536015
2021-08-29 00:00:00,3247.99,3287.73,3153.75,3226.46,89119.39624772
2021-08-30 00:00:00,3226.45,3349.0,3145.45,3229.01,219625.56218696
2021-08-31 00:00:00,3229.02,3486.8,3190.56,3430.23,320212.11999266
2021-09-01 00:00:00,3430.0,3843.12,3384.24,3829.39,306568.70086335
2021-09-02 00:00:00,3829.29,3838.28,3722.65,3787.97,206168.93909873
2021-09-03 00:00:00,3788.2,4030.35,3710.59,3940.06,284766.1603865
2021-09-04 00:00:00,3940.06,3970.0,3834.57,3887.53,130047.41569531
2021-09-05 00:00:00,3887.58,3982.64,3835.7,3952.17,101339.56157838
2021-09-06 00:00:00,3951.68,3973.27,3868.0,3928.89,111675.62991707
2021-09-07 00:00:00,3928.72,3948.0,3009.0,3436.96,482489.77503547
2021-09-08 00:00:00,3436.75,3562.98,3216.0,3500.34,352658.69072643
2021-09-09 00:00:00,3499.54,3568.59,3393.17,3424.95,244244.24892658
2021-09-10 00:00:00,3424.32,3514.37,3142.67,3209.82,271075.68986114
2021-09-11 00:00:00,3209.29,3349.43,3199.88,3266.77,133373.86127026
2021-09-12 00:00:00,3266.97,3472.99,3231.75,3403.75,133979.51978513
2021-09-13 00:00:00,3403.81,3430.0,3111.14,3286.2,215497.91819641
2021-09-14 00:00:00,3285.66,3439.15,3270.74,3436.29,152957.54148077
2021-09-15 00:00:00,3436.29,3621.15,3359.96,3615.65,157550.50123984
2021-09-16 00:00:00,3615.68,3675.92,3482.97,3568.66,193709.08937556
2021-09-17 00:00:00,3568.77,3595.0,3350.06,3400.0,164813.94731616
2021-09-18 00:00:00,3400.0,3543.0,3369.53,3436.31,129386.37129349
2021-09-19 00:00:00,3436.59,3457.22,3278.0,3328.59,93362.31450909
2021-09-20 00:00:00,3328.7,3346.58,2911.81,2976.48,434236.7826118
2021-09-21 00:00:00,2976.36,3104.82,2651.0,2765.69,441567.8736938
2021-09-22 00:00:00,2765.33,3090.83,2738.24,3078.43,271497.54590784
2021-09-23 00:00:00,3078.42,3182.34,3035.83,3154.62,166485.49300907
2021-09-24 00:00:00,3154.42,3160.48,2735.0,2930.61,365024.83204626
2021-09-25 00:00:00,2930.59,2968.85,2800.01,2924.01,145561.52444175
2021-09-26 00:00:00,2923.91,3117.48,2741.34,3060.71,168746.48142334
2021-09-27 00:00:00,3059.92,3168.03,2925.0,2925.27,172472.29785812
2021-09-28 00:00:00,2926.27,2971.16,2782.6,2805.65,186331.02775653
2021-09-29 00:00:00,2805.64,2950.6,2781.99,2850.14,177979.48195163
2021-09-30 00:00:00,2849.71,3048.58,2836.21,3000.46,169873.45079422
2021-10-01 00:00:00,3001.14,3337.15,2967.41,3311.16,201035.51345113
2021-10-02 00:00:00,3311.2,3469.95,3258.94,3387.82,144778.38450029
2021-10-03 00:00:00,3388.67,3489.18,3343.36,3420.07,124271.04864619
2021-10-04 00:00:00,3419.63,3438.91,3269.67,3387.2,163829.62677831
2021-10-05 00:00:00,3386.9,3547.88,3365.34,3515.3,163084.66881477
2021-10-06 00:00:00,3517.26,3632.44,3342.16,3575.85,219116.78797009
2021-10-07 00:00:00,3576.45,3655.02,3471.52,3588.51,195554.94828114
2021-10-08 00:00:00,3588.83,3670.0,3535.0,3563.96,146564.44707403
2021-10-09 00:00:00,3563.96,3634.13,3538.61,3575.83,88782.58533301
2021-10-10 00:00:00,3575.2,3605.49,3406.44,3415.0,112835.1020128
2021-10-11 00:00:00,3414.75,3625.0,3373.45,3542.37,142525.70987846
2021-10-12 00:00:00,3542.2,3549.0,3403.51,3490.61,176617.45185163
2021-10-13 00:00:00,3490.17,3614.48,3412.45,3608.21,158955.26821205
2021-10-14 00:00:00,3608.43,3828.84,3588.55,3791.66,216569.69208772
2021-10-15 00:00:00,3791.06,3900.0,3734.44,3869.73,204682.20802319
2021-10-16 00:00:00,3869.73,3968.49,3802.0,3829.66,130674.36831436
2021-10-17 00:00:00,3829.7,3919.0,3643.0,3847.18,134515.91092357
2021-10-18 00:00:00,3847.38,3894.7,3676.35,3745.48,187448.53280815
2021-10-19 00:00:00,3745.13,3890.36,3700.0,3878.17,154012.15326702
2021-10-20 00:00:00,3878.35,4169.0,3829.59,4161.94,235728.75520251
2021-10-21 00:00:00,4161.83,4374.95,4010.22,4053.9,286201.83773073
2021-10-22 00:00:00,4053.97,4169.72,3885.25,3971.55,187484.20093549
2021-10-23 00:00:00,3971.89,4172.04,3935.92,4168.56,109253.57167984
2021-10-24 00:00:00,4168.53,4188.42,3962.05,4082.64,126731.47064484
2021-10-25 00:00:00,4082.09,4236.27,4069.22,4220.93,145753.84102089
2021-10-26 00:00:00,4221.16,4297.0,4091.31,4131.47,169619.87486465
2021-10-27 00:00:00,4132.19,4314.63,3911.0,3923.94,279555.38152718
2021-10-28 00:00:00,3925.26,4299.0,3889.05,4288.26,257149.82955488
2021-10-29 00:00:00,4288.25,4461.96,4266.91,4421.23,257148.94601167
2021-10-30 00:00:00,4421.23,4435.0,4236.99,4324.67,123410.59442713
2021-10-31 00:00:00,4325.55,4395.99,4168.1,4290.16,148206.08981334
2021-11-01 00:00:00,4290.31,4385.16,4151.0,4322.89,165298.66872401
2021-11-02 00:00:00,4322.89,4604.99,4287.32,4595.01,217839.79309642
2021-11-03 00:00:00,4594.27,4671.0,4456.0,4606.07,213935.75674438
2021-11-04 00:00:00,4606.07,4610.24,4423.01,4537.15,182872.96131449
2021-11-05 00:00:00,4537.14,4574.0,4446.01,4479.47,142403.14739608
2021-11-06 00:00:00,4479.47,4534.43,4329.21,4523.16,107961.55343832
2021-11-07 00:00:00,4523.73,4639.8,4506.99,4617.02,85312.85613745
2021-11-08 00:00:00,4617.27,4825.0,4616.5,4811.9,163884.29350308
2021-11-09 00:00:00,4811.89,4842.54,4697.9,4731.59,154525.60456333
2021-11-10 00:00:00,4731.58,4867.81,4460.0,4632.22,249949.62441734
2021-11-11 00:00:00,4632.23,4783.05,4578.05,4721.87,112248.30258781
2021-11-12 00:00:00,4721.07,4809.27,4508.42,4667.34,160383.45748095
2021-11-13 00:00:00,4667.79,4708.6,4586.8,4644.44,76568.33646209
2021-11-14 00:00:00,4644.43,4695.07,4516.05,4627.03,96933.07064437
2021-11-15 00:00:00,4626.61,4770.0,4541.0,4565.06,121693.76091856
2021-11-16 00:00:00,4564.34,4564.98,4108.0,4209.5,309826.45957038
2021-11-17 00:00:00,4209.89,4300.01,4068.24,4289.4,197969.47328462
2021-11-18 00:00:00,4289.4,4346.42,3960.0,3997.93,291477.64786245
2021-11-19 00:00:00,3998.57,4314.82,3975.24,4299.55,191232.56135587
2021-11-20 00:00:00,4299.55,4438.96,4206.03,4416.69,96882.12097892
2021-11-21 00:00:00,4416.36,4427.72,4246.07,4262.99,83775.31676078
2021-11-22 00:00:00,4263.04,4322.86,4024.45,4089.16,174572.98932477
2021-11-23 00:00:00,4089.17,4389.95,4062.28,4341.62,159935.23797902
2021-11-24 00:00:00,4341.58,4359.88,4168.99,4270.74,120268.67729032
2021-11-25 00:00:00,4270.93,4555.11,4250.0,4525.87,132338.28173546
2021-11-26 00:00:00,4527.03,4555.53,3915.0,4043.67,324817.57682312
2021-11-27 00:00:00,4043.62,4186.97,4031.56,4098.31,93299.56271946
2021-11-28 00:00:00,4098.53,4303.35,3950.0,4298.38,124752.71262005
2021-11-29 00:00:00,4298.38,4466.0,4282.07,4449.42,170935.20731881
2021-11-30 00:00:00,4449.42,4759.0,4350.91,4634.95,312105.05293146
2021-12-01 00:00:00,4636.43,4784.5,4526.94,4586.95,241301.695591
2021-12-02 00:00:00,4586.87,4637.39,4435.0,4514.59,171913.60834148
2021-12-03 00:00:00,4514.54,4662.75,4035.0,4216.93,312836.25058642
2021-12-04 00:00:00,4216.3,4240.0,3575.0,4123.13,512946.90714235
2021-12-05 00:00:00,4123.13,4257.0,4038.13,4203.22,250275.13989584
2021-12-06 00:00:00,4203.22,4380.8,3913.0,4354.22,349333.84787974
2021-12-07 00:00:00,4354.09,4433.99,4260.0,4310.19,198306.85854675
2021-12-08 00:00:00,4310.21,4456.36,4226.88,4440.51,186740.13696568
2021-12-09 00:00:00,4440.94,4490.72,4076.15,4106.06,222048.28315781
2021-12-10 00:00:00,4105.99,4232.38,3889.42,3900.91,273780.7217072
2021-12-11 00:00:00,3899.97,4099.87,3835.0,4091.18,166327.13830459
2021-12-12 00:00:00,4091.17,4186.16,3989.41,4132.92,108368.85746466
2021-12-13 00:00:00,4132.91,4146.1,3660.0,3783.81,305712.33000025
2021-12-14 00:00:00,3784.0,3884.08,3686.49,3860.74,197099.24204846
2021-12-15 00:00:00,3860.72,4097.0,3643.43,4021.53,319094.24570016
2021-12-16 00:00:00,4021.41,4116.39,3952.81,3957.28,174285.93324831
2021-12-17 00:00:00,3957.12,3994.81,3699.0,3876.02,209823.26509135
2021-12-18 00:00:00,3876.37,3999.0,3768.14,3961.92,113485.77521903
2021-12-19 00:00:00,3961.93,4039.73,3886.03,3925.79,102078.81232557
2021-12-20 00:00:00,3925.78,3984.08,3754.8,3946.16,172027.91571974
2021-12-21 00:00:00,3946.59,4063.89,3908.13,4017.11,137991.50149241
2021-12-22 00:00:00,4017.35,4075.0,3933.74,3981.12,110316.26044274
2021-12-23 00:00:00,3980.82,4157.82,3895.7,4113.08,180980.07790929
2021-12-24 00:00:00,4113.64,4138.71,4005.0,4049.65,109472.89747679
2021-12-25 00:00:00,4049.81,4143.13,4021.31,4097.43,68854.05530395
2021-12-26 00:00:00,4098.67,4106.5,4008.01,4065.91,66848.08372392
2021-12-27 00:00:00,4066.14,4128.9,4027.56,4038.64,108344.57109844
2021-12-28 00:00:00,4038.18,4038.68,3760.01,3793.67,203399.82203323
2021-12-29 00:00:00,3793.66,3828.18,3603.0,3630.59,167709.4231065
2021-12-30 00:00:00,3630.18,3769.99,3585.85,3710.02,155011.95096414
2021-12-31 00:00:00,3710.01,3815.04,3619.78,3675.8,171634.96154996
2022-01-01 00:00:00,3675.81,3777.82,3674.02,3765.72,98353.62552826
2022-01-02 00:00:00,3765.98,3855.77,3718.2,3828.87,78466.35113548
2022-01-03 00:00:00,3828.93,3851.66,3681.62,3766.04,106574.13357834
2022-01-04 00:00:00,3766.01,3894.12,3714.22,3785.0,148752.52638971
2022-01-05 00:00:00,3785.0,3848.2,3414.88,3539.0,240345.13859808
2022-01-06 00:00:00,3539.0,3550.02,3300.0,3406.03,282771.63777278
2022-01-07 00:00:00,3405.66,3415.52,3065.0,3198.82,376752.15627171
2022-01-08 00:00:00,3198.96,3247.89,3000.0,3080.48,231676.12058726
2022-01-09 00:00:00,3080.92,3212.46,3057.82,3151.66,131897.75381912
2022-01-10 00:00:00,3151.65,3180.29,2928.69,3083.51,260769.14044553
2022-01-11 00:00:00,3083.51,3265.98,3052.19,3240.83,158466.70742447
2022-01-12 00:00:00,3240.83,3420.08,3206.72,3373.64,165432.46044549
2022-01-13 00:00:00,3373.25,3413.36,3233.67,3241.88,130378.3015897
2022-01-14 00:00:00,3241.6,3346.81,3188.34,3310.45,110175.14720879
2022-01-15 00:00:00,3309.98,3373.56,3260.0,3328.12,58794.17252061
2022-01-16 00:00:00,3327.81,3394.45,3275.0,3349.46,58643.37423357
2022-01-17 00:00:00,3349.88,3360.07,3142.39,3210.98,128212.72032287
2022-01-18 00:00:00,3211.08,3246.2,3083.68,3160.81,151969.48482665
2022-01-19 00:00:00,3160.78,3176.81,3047.0,3085.27,159240.24960598
2022-01-20 00:00:00,3084.49,3273.32,2986.0,3000.94,185761.37491937
2022-01-21 00:00:00,3000.99,3034.7,2467.11,2569.01,603711.8291189
2022-01-22 00:00:00,2568.12,2628.36,2301.6,2411.9,457765.04354891
2022-01-23 00:00:00,2411.91,2551.3,2371.58,2541.19,248046.68461556
2022-01-24 00:00:00,2541.19,2541.74,2159.0,2441.74,583901.18061678
2022-01-25 00:00:00,2441.6,2509.87,2351.18,2460.68,268705.41724115
2022-01-26 00:00:00,2460.4,2724.0,2400.0,2465.0,409131.34465566
2022-01-27 00:00:00,2464.99,2521.96,2315.72,2425.82,272971.5127865
2022-01-28 00:00:00,2425.01,2559.55,2358.63,2546.84,231189.51401633
2022-01-29 00:00:00,2546.84,2640.0,2521.72,2603.74,138968.35714717
2022-01-30 00:00:00,2603.39,2642.0,2542.66,2602.89,103353.36641229
2022-01-31 00:00:00,2602.63,2708.98,2478.31,2689.72,193802.14585439
2022-02-01 00:00:00,2689.87,2815.49,2675.99,2789.66,212782.90255881
2022-02-02 00:00:00,2789.62,2814.1,2613.42,2682.66,256394.56721487
2022-02-03 00:00:00,2683.09,2729.01,2572.66,2697.59,197429.85205996
2022-02-04 00:00:00,2697.59,2999.0,2672.84,2998.19,275254.72885163
2022-02-05 00:00:00,2997.63,3063.48,2957.98,3014.5,159547.93620619
2022-02-06 00:00:00,3014.83,3076.25,2950.26,3058.22,80118.01843273
2022-02-07 00:00:00,3058.21,3199.08,2995.22,3141.89,232464.2844524
2022-02-08 00:00:00,3141.84,3234.67,3027.56,3119.57,215565.05621758
2022-02-09 00:00:00,3119.91,3274.0,3057.16,3246.22,159305.14378693
2022-02-10 00:00:00,3246.28,3284.75,3057.81,3074.85,221267.33665333
2022-02-11 00:00:00,3074.84,3140.86,2879.34,2929.08,268537.66433701
2022-02-12 00:00:00,2929.09,2987.62,2857.11,2919.99,113168.17322545
2022-02-13 00:00:00,2919.86,2955.65,2836.47,2872.84,82968.08334438
2022-02-14 00:00:00,2872.83,2966.53,2830.01,2931.01,176105.13710553
2022-02-15 00:00:00,2931.17,3199.0,2911.87,3186.24,180355.80323661
2022-02-16 00:00:00,3186.24,3190.0,3043.41,3124.45,148463.93058713
2022-02-17 00:00:00,3124.44,3162.35,2853.0,2893.56,210090.91381776
2022-02-18 00:00:00,2894.52,2945.98,2752.67,2780.08,197402.29756962
2022-02-19 00:00:00,2780.05,2833.3,2696.39,2764.44,111215.14420451
2022-02-20 00:00:00,2764.53,2765.24,2575.75,2622.47,165033.10298905
2022-02-21 00:00:00,2622.47,2760.71,2559.77,2569.0,235808.75914421
2022-02-22 00:00:00,2569.6,2667.28,2500.74,2637.98,241082.81650581
2022-02-23 00:00:00,2638.2,2756.9,2576.69,2580.97,189232.9352146
2022-02-24 00:00:00,2580.54,2750.0,2300.0,2597.42,495732.46045534
2022-02-25 00:00:00,2597.39,2837.23,2572.23,2769.52,232940.26531533
2022-02-26 00:00:00,2769.24,2880.0,2728.53,2780.71,118737.45939774
2022-02-27 00:00:00,2780.76,2836.26,2558.48,2618.01,193491.83696032
2022-02-28 00:00:00,2617.79,2960.25,2570.0,2923.08,273216.3610563
2022-03-01 00:00:00,2922.87,3040.7,2855.29,2977.72,249644.25411598
2022-03-02 00:00:00,2977.72,3045.0,2914.9,2948.56,231625.47605833
2022-03-03 00:00:00,2948.58,2972.07,2785.01,2833.66,191801.94423344
2022-03-04 00:00:00,2833.71,2835.95,2575.0,2623.07,264628.67091773
2022-03-05 00:00:00,2623.08,2685.93,2589.93,2665.77,74795.81490054
2022-03-06 00:00:00,2665.94,2677.0,2536.4,2550.77,81556.05091403
2022-03-07 00:00:00,2550.46,2649.81,2445.0,2491.58,209566.73792961
2022-03-08 00:00:00,2491.29,2626.16,2480.33,2576.72,192900.83723166
2022-03-09 00:00:00,2577.11,2774.26,2567.98,2727.6,178230.29132363
2022-03-10 00:00:00,2727.86,2734.33,2553.42,2608.22,181463.07885867
2022-03-11 00:00:00,2608.46,2679.56,2523.28,2556.42,155353.98026641
2022-03-12 00:00:00,2556.39,2617.83,2552.52,2569.3,56451.09317314
2022-03-13 00:00:00,2569.09,2603.56,2492.98,2516.41,71303.49491982
2022-03-14 00:00:00,2516.42,2609.56,2499.0,2590.23,133881.30167965
2022-03-15 00:00:00,2590.12,2670.53,2508.05,2619.15,161601.50858275
2022-03-16 00:00:00,2619.01,2789.58,2604.32,2774.89,211196.06612638
2022-03-17 00:00:00,2775.16,2839.59,2747.77,2814.67,228315.81827779
2022-03-18 00:00:00,2814.62,2987.0,2768.25,2939.17,226096.28101747
2022-03-19 00:00:00,2939.18,2988.89,2895.37,2952.16,101087.67252083
2022-03-20 00:00:00,2952.35,2965.94,2819.18,2862.44,103674.36633811
2022-03-21 00:00:00,2862.44,2965.26,2832.97,2891.08,148907.41126764
2022-03-22 00:00:00,2890.78,3053.98,2887.79,2970.51,192172.55035781
2022-03-23 00:00:00,2970.51,3046.99,2920.64,3038.93,212170.39198444
2022-03-24 00:00:00,3037.82,3130.41,3003.51,3112.52,248655.86785905
2022-03-25 00:00:00,3112.95,3195.0,3076.18,3104.15,220943.39724511
2022-03-26 00:00:00,3103.91,3154.47,3086.2,3146.22,69714.86952634
2022-03-27 00:00:00,3146.33,3299.99,3127.74,3296.29,122475.83176341
2022-03-28 00:00:00,3296.24,3437.24,3275.57,3334.47,237110.16743972
2022-03-29 00:00:00,3334.19,3483.87,3331.23,3401.71,174573.96933975
2022-03-30 00:00:00,3401.7,3448.62,3333.87,3386.68,135283.45551922
2022-03-31 00:00:00,3386.69,3447.03,3260.99,3283.08,168597.71177893
2022-04-01 00:00:00,3283.08,3482.42,3211.66,3456.48,213450.79609118
2022-04-02 00:00:00,3456.25,3532.85,3433.31,3445.38,117055.44343232
2022-04-03 00:00:00,3445.25,3581.6,3413.66,3522.78,100873.78414588
2022-04-04 00:00:00,3522.51,3548.51,3405.79,3520.66,155953.23125025
2022-04-05 00:00:00,3520.5,3555.48,3395.8,3407.0,166478.13322904
2022-04-06 00:00:00,3406.99,3408.0,3161.64,3168.52,311364.33037265
2022-04-07 00:00:00,3168.1,3269.56,3143.07,3227.56,157725.46332848
2022-04-08 00:00:00,3227.26,3313.79,3173.48,3192.54,137312.60396565
2022-04-09 00:00:00,3192.54,3269.74,3181.8,3258.99,48962.32688662
2022-04-10 00:00:00,3259.45,3309.28,3189.92,3203.05,58700.63987676
2022-04-11 00:00:00,3203.05,3214.88,2950.0,2979.55,238180.41734881
2022-04-12 00:00:00,2979.32,3089.87,2950.35,3027.82,201291.80136702
2022-04-13 00:00:00,3028.27,3129.92,2997.5,3119.0,135126.03200322
2022-04-14 00:00:00,3119.01,3145.19,2976.0,3021.78,131077.99214911
2022-04-15 00:00:00,3021.68,3058.99,2993.29,3040.19,75091.03161864
2022-04-16 00:00:00,3040.41,3086.83,3010.67,3060.35,46446.22013313
2022-04-17 00:00:00,3060.35,3082.96,2981.52,2988.4,67328.66942615
2022-04-18 00:00:00,2988.09,3071.26,2880.0,3056.19,165766.83949602
2022-04-19 00:00:00,3055.86,3132.47,3029.58,3102.26,117657.24244335
2022-04-20 00:00:00,3102.44,3169.29,3032.72,3077.06,117310.39372033
2022-04-21 00:00:00,3077.16,3179.74,2940.0,2983.94,173634.26729666
2022-04-22 00:00:00,2983.72,3033.76,2933.13,2963.05,147896.5340014
2022-04-23 00:00:00,2963.03,2979.57,2917.34,2933.44,50757.61746238
2022-04-24 00:00:00,2933.45,2968.31,2911.9,2921.96,47964.59818886
2022-04-25 00:00:00,2921.7,3026.93,2797.51,3007.22,231201.08128973
2022-04-26 00:00:00,3007.24,3038.6,2766.77,2809.26,191167.43185373
2022-04-27 00:00:00,2809.5,2920.0,2794.23,2889.78,172782.71761809
2022-04-28 00:00:00,2889.78,2980.36,2853.83,2935.91,167061.01272126
2022-04-29 00:00:00,2935.97,2946.68,2775.51,2816.94,204389.17477782
2022-04-30 00:00:00,2816.77,2842.08,2716.4,2726.59,98131.72028071
2022-05-01 00:00:00,2726.37,2849.0,2716.79,2824.86,98806.09499191
2022-05-02 00:00:00,2824.79,2883.0,2776.26,2856.21,205159.66957242
2022-05-03 00:00:00,2856.3,2861.73,2753.66,2780.34,156812.90555596
2022-05-04 00:00:00,2780.35,2969.86,2770.02,2939.98,173451.30953603
2022-05-05 00:00:00,2939.98,2953.73,2687.88,2747.43,194599.9120659
2022-05-06 00:00:00,2747.46,2757.78,2631.97,2691.72,184926.26187383
2022-05-07 00:00:00,2691.89,2703.61,2585.79,2634.8,75304.26885485
2022-05-08 00:00:00,2634.57,2641.4,2482.0,2519.1,136224.22284735
2022-05-09 00:00:00,2518.82,2529.47,2222.22,2228.5,470978.69055761
2022-05-10 00:00:00,2227.74,2458.09,2198.24,2340.51,464832.53812722
2022-05-11 00:00:00,2340.66,2451.12,2000.0,2075.93,562341.54813863
2022-05-12 00:00:00,2075.55,2188.14,1701.0,1954.39,803672.07576455
2022-05-13 00:00:00,1954.27,2145.56,1934.61,2005.48,336488.21225639
2022-05-14 00:00:00,2005.69,2066.4,1941.57,2053.33,118520.23264436
2022-05-15 00:00:00,2053.43,2164.17,1997.44,2142.69,100927.05806766
2022-05-16 00:00:00,2142.74,2142.82,1976.22,2020.58,188600.42878138
2022-05-17 00:00:00,2020.57,2120.0,2005.0,2088.96,153232.48671811
2022-05-18 00:00:00,2088.95,2108.8,1905.24,1911.98,180708.34004634
2022-05-19 00:00:00,1912.04,2039.52,1900.1,2017.57,206357.25885445
2022-05-20 00:00:00,2017.36,2062.45,1919.56,1956.58,197708.34053418
2022-05-21 00:00:00,1956.57,1988.3,1935.0,1972.64,54572.49166422
2022-05-22 00:00:00,1972.64,2054.01,1963.4,2040.92,81822.31011257
2022-05-23 00:00:00,2040.91,2087.6,1954.4,1971.06,202518.25742473
2022-05-24 00:00:00,1970.85,1991.51,1909.51,1978.15,163986.41926361
2022-05-25 00:00:00,1977.94,2020.0,1932.12,1940.83,164438.55615099
2022-05-26 00:00:00,1940.48,1963.68,1734.5,1790.65,289942.90063136
2022-05-27 00:00:00,1790.08,1820.84,1702.53,1724.83,341796.6398698
2022-05-28 00:00:00,1724.8,1807.68,1719.76,1790.23,107501.25754592
2022-05-29 00:00:00,1790.22,1825.22,1760.32,1811.1,84009.43387178
2022-05-30 00:00:00,1811.27,2013.0,1801.21,1998.3,218864.05954827
2022-05-31 00:00:00,1998.29,2015.54,1924.17,1940.59,242245.22269345
2022-06-01 00:00:00,1940.49,1972.5,1761.59,1816.05,266690.7084996
2022-06-02 00:00:00,1816.06,1852.01,1780.0,1832.45,174506.82421008
2022-06-03 00:00:00,1832.62,1842.43,1735.79,1773.25,190669.34154148
2022-06-04 00:00:00,1773.11,1814.4,1746.6,1803.35,64987.78039249
2022-06-05 00:00:00,1803.47,1829.16,1771.77,1804.7,59938.51406164
2022-06-06 00:00:00,1804.78,1918.47,1802.52,1858.21,184600.86286202
2022-06-07 00:00:00,1858.44,1872.82,1725.0,1811.89,212923.71432914
2022-06-08 00:00:00,1812.17,1838.0,1763.69,1790.72,170731.58092776
2022-06-09 00:00:00,1790.63,1832.31,1775.67,1787.55,124180.46274382
2022-06-10 00:00:00,1787.44,1802.85,1654.15,1660.78,236039.72064137
2022-06-11 00:00:00,1660.77,1680.43,1499.79,1531.09,295048.58494874
2022-06-12 00:00:00,1531.23,1545.5,1423.0,1433.19,308514.54263385
2022-06-13 00:00:00,1432.97,1452.97,1163.31,1207.82,954717.177807
2022-06-14 00:00:00,1207.9,1266.34,1074.64,1207.58,681419.51063789
2022-06-15 00:00:00,1207.58,1247.0,1012.72,1236.45,827548.41393819
2022-06-16 00:00:00,1236.45,1257.04,1050.39,1066.87,411463.97783225
2022-06-17 00:00:00,1067.07,1117.43,1049.19,1085.76,323648.95266925
2022-06-18 00:00:00,1085.65,1096.64,879.8,993.64,581590.08416866
2022-06-19 00:00:00,993.64,1156.99,933.6,1126.9,435976.06851744
2022-06-20 00:00:00,1126.97,1168.18,1051.3,1126.84,314649.45956811
2022-06-21 00:00:00,1127.04,1193.0,1107.87,1124.85,303835.07141015
2022-06-22 00:00:00,1124.9,1126.44,1042.36,1048.96,270475.56973113
2022-06-23 00:00:00,1048.93,1153.01,1043.68,1144.0,250147.3059031
2022-06-24 00:00:00,1144.01,1244.78,1131.02,1224.47,252255.18809433
2022-06-25 00:00:00,1224.26,1255.0,1178.77,1241.33,152145.87815948
2022-06-26 00:00:00,1241.14,1280.0,1194.01,1197.13,151784.21006562
2022-06-27 00:00:00,1196.99,1237.83,1171.88,1191.27,196439.99342204
2022-06-28 00:00:00,1191.27,1236.21,1134.9,1142.65,217739.97338483
2022-06-29 00:00:00,1142.47,1155.21,1085.41,1099.15,287668.03810615
2022-06-30 00:00:00,1099.09,1105.61,997.02,1070.08,338995.29713713
2022-07-01 00:00:00,1070.08,1115.0,1031.86,1057.57,324097.48129585
2022-07-02 00:00:00,1058.3,1077.5,1025.95,1065.61,114219.74455559
2022-07-03 00:00:00,1065.58,1087.33,1039.55,1072.88,110714.6004927
2022-07-04 00:00:00,1072.9,1160.0,1043.47,1149.98,205563.79288557
2022-07-05 00:00:00,1149.98,1172.38,1075.7,1131.26,267186.05683546
2022-07-06 00:00:00,1131.16,1203.2,1110.56,1185.61,284112.14163333
2022-07-07 00:00:00,1185.61,1254.04,1162.32,1237.13,347073.16202279
2022-07-08 00:00:00,1237.55,1275.51,1192.16,1213.19,321436.46883666
2022-07-09 00:00:00,1213.38,1233.54,1203.7,1216.78,94148.28233858
2022-07-10 00:00:00,1216.78,1219.41,1153.15,1167.68,110105.33274633
2022-07-11 00:00:00,1167.66,1170.47,1079.8,1095.56,229708.48705223
2022-07-12 00:00:00,1095.48,1097.35,1031.92,1037.34,334310.07377997
2022-07-13 00:00:00,1037.5,1118.0,1005.25,1114.26,448221.83579622
2022-07-14 00:00:00,1114.06,1213.26,1071.1,1192.7,340272.00761286
2022-07-15 00:00:00,1192.67,1288.88,1180.16,1231.1,439762.06228135
2022-07-16 00:00:00,1231.07,1423.31,1190.9,1355.7,281556.54770912
2022-07-17 00:00:00,1355.5,1386.55,1318.79,1338.2,287292.9117132
2022-07-18 00:00:00,1338.03,1597.58,1335.35,1581.34,586368.76273009
2022-07-19 00:00:00,1581.09,1631.32,1492.66,1542.63,531595.12469671
2022-07-20 00:00:00,1542.6,1621.44,1485.17,1522.12,399979.02882551
2022-07-21 00:00:00,1521.88,1606.42,1463.26,1575.68,333578.08401554
2022-07-22 00:00:00,1575.44,1646.13,1516.75,1535.84,301049.38716503
2022-07-23 00:00:00,1535.68,1596.87,1487.14,1549.15,179754.71211316
2022-07-24 00:00:00,1549.16,1664.41,1546.7,1597.72,181245.88687987
2022-07-25 00:00:00,1598.12,1610.0,1433.91,1440.75,309771.90005337
2022-07-26 00:00:00,1440.63,1454.56,1356.3,1449.63,283778.37687636
2022-07-27 00:00:00,1449.6,1645.46,1420.66,1636.4,388150.08353335
2022-07-28 00:00:00,1636.53,1792.55,1592.36,1725.19,446776.87871545
2022-07-29 00:00:00,1725.19,1766.56,1655.47,1722.25,311510.53584064
2022-07-30 00:00:00,1722.46,1745.05,1674.05,1698.01,180720.73885884
2022-07-31 00:00:00,1698.02,1754.25,1667.7,1679.31,130340.37729581
2022-08-01 00:00:00,1679.31,1705.0,1606.9,1630.82,180669.82560511
2022-08-02 00:00:00,1630.81,1679.28,1560.0,1631.28,246683.06058859
2022-08-03 00:00:00,1631.1,1685.87,1590.0,1618.82,328786.47691824
2022-08-04 00:00:00,1618.78,1663.35,1580.5,1608.16,323547.74502974
2022-08-05 00:00:00,1608.16,1742.52,1605.55,1736.79,415383.76775755
2022-08-06 00:00:00,1737.12,1750.0,1685.99,1690.81,206524.40782357
2022-08-07 00:00:00,1691.18,1730.26,1668.87,1700.42,177400.97769802
2022-08-08 00:00:00,1700.52,1818.25,1693.41,1777.36,345585.00729302
2022-08-09 00:00:00,1777.36,1791.33,1668.8,1703.35,353991.64333061
2022-08-10 00:00:00,1703.35,1886.36,1656.0,1854.12,491866.38496074
2022-08-11 00:00:00,1854.42,1946.21,1850.95,1881.04,451248.19043761
2022-08-12 00:00:00,1880.96,1966.89,1850.51,1959.91,301803.38654781
2022-08-13 00:00:00,1959.94,2020.73,1947.19,1984.75,282479.09097599
2022-08-14 00:00:00,1984.72,2031.39,1906.51,1935.85,263413.87030944
2022-08-15 00:00:00,1936.0,2013.47,1866.51,1899.39,473905.07822533
2022-08-16 00:00:00,1899.05,1915.51,1852.85,1876.57,362478.81254801
2022-08-17 00:00:00,1877.06,1957.59,1815.0,1834.61,450374.826949
2022-08-18 00:00:00,1834.52,1883.35,1821.02,1845.9,270253.66533006
2022-08-19 00:00:00,1846.15,1848.29,1602.28,1608.72,731158.98936189
2022-08-20 00:00:00,1608.64,1658.14,1523.54,1575.76,450361.01659576
2022-08-21 00:00:00,1575.76,1646.69,1562.27,1617.84,397164.81880075
2022-08-22 00:00:00,1617.88,1629.61,1528.93,1624.78,518834.55819815
2022-08-23 00:00:00,1624.89,1674.12,1563.29,1665.93,445250.58071281
2022-08-24 00:00:00,1665.95,1694.89,1604.6,1656.74,508562.94204632
2022-08-25 00:00:00,1656.54,1722.18,1653.57,1695.27,300950.83219719
2022-08-26 00:00:00,1695.16,1706.41,1485.94,1508.02,570455.80622658
2022-08-27 00:00:00,1508.04,1519.11,1446.62,1491.22,368067.50483068
2022-08-28 00:00:00,1490.87,1511.12,1423.85,1426.63,292543.93479078
2022-08-29 00:00:00,1426.29,1560.37,1420.74,1551.65,488169.79068986
2022-08-30 00:00:00,1551.51,1606.34,1474.14,1524.81,544379.70835677
2022-08-31 00:00:00,1524.61,1619.99,1524.12,1554.0,511240.91582582
2022-09-01 00:00:00,1554.25,1599.51,1512.83,1586.23,327753.13141002
2022-09-02 00:00:00,1586.1,1650.0,1546.2,1575.69,321184.07570982
2022-09-03 00:00:00,1575.81,1582.69,1534.54,1557.7,129300.81242992
2022-09-04 00:00:00,1557.55,1583.52,1540.59,1579.04,100143.24859449
2022-09-05 00:00:00,1578.97,1631.44,1557.04,1618.01,183163.38342493
2022-09-06 00:00:00,1617.87,1686.82,1554.03,1559.28,440790.49644997
2022-09-07 00:00:00,1558.92,1657.68,1489.98,1629.92,335894.82441078
2022-09-08 00:00:00,1629.61,1664.52,1594.31,1635.73,321019.10969844
2022-09-09 00:00:00,1635.72,1746.87,1630.51,1719.21,343757.70988125
2022-09-10 00:00:00,1719.38,1789.86,1706.94,1774.69,175467.88521982
2022-09-11 00:00:00,1774.73,1789.98,1719.01,1766.95,153045.89168193
2022-09-12 00:00:00,1766.97,1783.56,1692.45,1716.71,257983.67681215
2022-09-13 00:00:00,1716.65,1761.04,1561.06,1574.71,456961.84966513
2022-09-14 00:00:00,1574.4,1649.44,1552.88,1639.14,311641.00945194
2022-09-15 00:00:00,1639.12,1655.55,1457.69,1472.68,415068.57662522
2022-09-16 00:00:00,1472.85,1483.21,1404.31,1433.73,391498.26827311
2022-09-17 00:00:00,1433.64,1476.22,1408.79,1468.97,193158.36959142
2022-09-18 00:00:00,1468.9,1470.15,1325.48,1334.72,310480.68847119
2022-09-19 00:00:00,1334.71,1392.94,1279.0,1376.17,381868.12870185
2022-09-20 00:00:00,1376.23,1385.0,1312.4,1322.8,419548.01749631
2022-09-21 00:00:00,1322.74,1412.0,1220.0,1245.65,569985.27204919
2022-09-22 00:00:00,1245.36,1348.87,1237.0,1326.43,563572.08233165
2022-09-23 00:00:00,1326.14,1359.99,1261.9,1326.82,519153.45184389
2022-09-24 00:00:00,1327.24,1349.31,1306.29,1317.25,206779.39938562
2022-09-25 00:00:00,1317.49,1337.26,1269.41,1294.63,185703.74947364
2022-09-26 00:00:00,1294.65,1341.0,1278.24,1336.61,416561.97805353
2022-09-27 00:00:00,1336.45,1400.51,1303.66,1327.92,457125.64604668
2022-09-28 00:00:00,1327.87,1355.34,1253.65,1336.93,488408.68270425
2022-09-29 00:00:00,1336.92,1351.85,1288.12,1336.02,409208.96175042
2022-09-30 00:00:00,1336.04,1373.46,1315.0,1328.95,423994.58067369
2022-10-01 00:00:00,1328.74,1333.99,1302.65,1311.76,98845.97328111
2022-10-02 00:00:00,1311.79,1318.0,1269.69,1277.02,150803.12600735
2022-10-03 00:00:00,1276.84,1330.24,1262.45,1323.31,341841.34001978
2022-10-04 00:00:00,1323.44,1370.43,1318.82,1362.06,265741.94725719
2022-10-05 00:00:00,1362.1,1364.93,1316.54,1352.48,297201.24863549
2022-10-06 00:00:00,1352.37,1384.41,1345.0,1352.24,437205.23026817
2022-10-07 00:00:00,1352.18,1362.14,1317.54,1331.14,268128.07428348
2022-10-08 00:00:00,1331.12,1337.61,1303.76,1315.71,85052.24063383
2022-10-09 00:00:00,1315.71,1329.33,1307.21,1323.41,98670.85008504
2022-10-10 00:00:00,1323.27,1338.41,1287.66,1290.06,248135.48630736
2022-10-11 00:00:00,1289.94,1297.95,1267.0,1279.94,361513.38640616
2022-10-12 00:00:00,1279.87,1306.72,1274.73,1294.33,257271.51091194
2022-10-13 00:00:00,1294.21,1301.85,1190.0,1286.96,533160.99117969
2022-10-14 00:00:00,1286.89,1344.4,1283.26,1296.36,483178.87927368
2022-10-15 00:00:00,1296.42,1302.14,1263.6,1275.09,146252.46427666
2022-10-16 00:00:00,1275.16,1315.62,1274.61,1306.04,160206.63331032
2022-10-17 00:00:00,1305.89,1338.69,1295.36,1331.49,274413.38632897
2022-10-18 00:00:00,1331.57,1342.28,1286.67,1310.78,375586.2181984
2022-10-19 00:00:00,1310.79,1313.8,1280.02,1284.76,249903.49640293
2022-10-20 00:00:00,1284.92,1311.1,1270.34,1282.6,310500.82723664
2022-10-21 00:00:00,1282.59,1307.18,1254.0,1299.83,307346.53371619
2022-10-22 00:00:00,1299.94,1320.56,1294.17,1313.88,98142.700874
2022-10-23 00:00:00,1313.82,1370.66,1299.47,1364.06,182202.51780535
2022-10-24 00:00:00,1363.93,1370.9,1324.04,1343.71,330219.49579837
2022-10-25 00:00:00,1343.74,1525.38,1335.12,1460.34,738604.66673918
2022-10-26 00:00:00,1460.34,1595.44,1457.41,1566.37,867339.4350063
2022-10-27 00:00:00,1566.46,1580.0,1502.8,1514.09,768442.493559
2022-10-28 00:00:00,1514.2,1577.89,1479.41,1554.83,517416.22097988
2022-10-29 00:00:00,1554.81,1664.29,1547.79,1620.09,371454.96971093
2022-10-30 00:00:00,1620.18,1640.41,1576.24,1590.89,262404.11149452
2022-10-31 00:00:00,1590.88,1635.7,1546.31,1572.67,442623.55124963
2022-11-01 00:00:00,1572.58,1612.74,1563.05,1578.24,338781.998348
2022-11-02 00:00:00,1578.35,1622.24,1502.0,1518.04,597803.71672197
2022-11-03 00:00:00,1518.15,1558.95,1515.0,1530.81,417983.19723455
2022-11-04 00:00:00,1530.81,1677.0,1528.01,1644.61,595048.87785607
2022-11-05 00:00:00,1644.84,1667.03,1621.05,1627.0,191562.15441931
2022-11-06 00:00:00,1627.17,1638.72,1564.17,1568.34,206626.51589598
2022-11-07 00:00:00,1568.27,1608.66,1545.97,1568.34,420305.13392561
2022-11-08 00:00:00,1568.45,1580.0,1227.4,1334.25,1191644.98913668
2022-11-09 00:00:00,1333.97,1337.49,1071.11,1099.9,1483345.10339453
2022-11-10 00:00:00,1099.9,1347.62,1083.95,1295.36,898160.51223308
2022-11-11 00:00:00,1295.55,1307.36,1197.9,1285.29,807406.05368993
2022-11-12 00:00:00,1285.57,1289.16,1235.53,1255.14,252702.81256691
2022-11-13 00:00:00,1254.98,1272.0,1198.99,1219.43,245429.7415013
2022-11-14 00:00:00,1219.4,1289.17,1169.4,1241.56,524054.26384295
2022-11-15 00:00:00,1241.58,1289.78,1232.56,1251.74,417549.56093034
2022-11-16 00:00:00,1251.95,1266.99,1185.2,1215.21,430253.13724259
2022-11-17 00:00:00,1215.2,1227.34,1181.02,1199.44,347569.96062493
2022-11-18 00:00:00,1199.39,1232.37,1198.01,1210.93,276244.25355508
2022-11-19 00:00:00,1210.73,1231.62,1196.27,1216.12,154207.57456321
2022-11-20 00:00:00,1216.31,1225.26,1130.2,1140.07,309725.68130629
2022-11-21 00:00:00,1140.04,1145.0,1080.0,1105.91,645537.15248314
2022-11-22 00:00:00,1105.68,1141.26,1073.42,1138.17,571006.86329332
2022-11-23 00:00:00,1138.25,1189.51,1126.22,1183.53,488293.70716425
2022-11-24 00:00:00,1183.55,1216.1,1179.1,1202.81,347857.6927724
2022-11-25 00:00:00,1202.78,1206.84,1170.17,1198.66,255469.51018685
2022-11-26 00:00:00,1198.65,1234.97,1195.54,1204.8,194599.63009605
2022-11-27 00:00:00,1204.89,1222.81,1188.31,1193.3,160395.219962
2022-11-28 00:00:00,1193.46,1198.87,1150.09,1167.24,336303.06814697
2022-11-29 00:00:00,1167.22,1227.08,1157.37,1215.91,334230.25859657
2022-11-30 00:00:00,1216.04,1311.76,1212.0,1294.77,513868.94915466
2022-12-01 00:00:00,1294.68,1302.0,1262.85,1276.48,341051.44664941
2022-12-02 00:00:00,1276.48,1297.57,1265.56,1295.63,312335.42943569
2022-12-03 00:00:00,1295.63,1308.89,1236.42,1240.91,233057.32789248
2022-12-04 00:00:00,1240.91,1287.44,1240.27,1279.68,195680.27732029
2022-12-05 00:00:00,1279.67,1305.75,1246.73,1259.23,334071.84681319
2022-12-06 00:00:00,1259.32,1274.57,1241.83,1271.19,310591.43275838
2022-12-07 00:00:00,1271.36,1277.49,1215.0,1231.56,294892.06525655
2022-12-08 00:00:00,1231.49,1292.58,1221.72,1280.33,305010.10153789
2022-12-09 00:00:00,1280.15,1296.55,1255.61,1262.95,268613.51750162
2022-12-10 00:00:00,1262.75,1283.4,1259.59,1266.45,127080.35178923
2022-12-11 00:00:00,1266.45,1284.68,1255.7,1262.92,136453.26405627
2022-12-12 00:00:00,1263.08,1279.22,1240.0,1275.72,244239.65101571
2022-12-13 00:00:00,1275.74,1351.05,1255.67,1320.47,340963.9356146
2022-12-14 00:00:00,1320.47,1351.87,1300.85,1307.47,490007.78017941
2022-12-15 00:00:00,1307.42,1311.5,1259.37,1266.48,394788.38073718
2022-12-16 00:00:00,1266.48,1279.99,1155.55,1166.98,529307.05569583
2022-12-17 00:00:00,1166.98,1190.0,1161.83,1187.06,227688.40724908
2022-12-18 00:00:00,1187.17,1196.6,1172.43,1183.32,174291.58481891
2022-12-19 00:00:00,1183.37,1195.34,1150.34,1167.6,324622.25840589
2022-12-20 00:00:00,1167.59,1231.28,1163.02,1216.69,341462.57912696
2022-12-21 00:00:00,1216.76,1222.99,1203.06,1213.7,237732.89806607
2022-12-22 00:00:00,1213.7,1238.76,1182.43,1217.5,316565.60833412
2022-12-23 00:00:00,1217.48,1231.7,1210.6,1219.92,287942.04914518
2022-12-24 00:00:00,1219.99,1227.47,1213.7,1220.51,135682.63966273
2022-12-25 00:00:00,1220.49,1224.1,1193.17,1218.37,167839.6524151
2022-12-26 00:00:00,1218.41,1230.92,1209.0,1227.58,133431.00775547
2022-12-27 00:00:00,1227.66,1233.75,1199.58,1210.99,214552.81999638
2022-12-28 00:00:00,1211.06,1215.38,1180.04,1189.24,301571.06009872
2022-12-29 00:00:00,1189.33,1206.07,1186.13,1199.74,240611.27081058
2022-12-30 00:00:00,1199.73,1201.64,1180.44,1199.1,228129.48726539
2022-12-31 00:00:00,1199.19,1208.0,1191.01,1195.25,144035.63835908
2023-01-01 00:00:00,1195.25,1204.17,1190.03,1199.92,110146.33985965
2023-01-02 00:00:00,1199.97,1224.59,1192.41,1213.69,181181.02038691
2023-01-03 00:00:00,1213.77,1219.79,1204.04,1214.21,185992.27832726
2023-01-04 00:00:00,1214.21,1272.01,1212.17,1256.34,339875.39832487
2023-01-05 00:00:00,1256.35,1259.77,1239.97,1250.88,236940.93295139
2023-01-06 00:00:00,1250.87,1276.6,1234.2,1268.84,290563.27086874
2023-01-07 00:00:00,1268.94,1270.83,1260.75,1263.94,105755.0768252
2023-01-08 00:00:00,1263.84,1295.38,1257.34,1289.92,158918.85227266
2023-01-09 00:00:00,1289.73,1345.87,1285.0,1320.02,422757.66914599
2023-01-10 00:00:00,1320.0,1348.19,1316.63,1335.56,312409.22657272
2023-01-11 00:00:00,1335.69,1397.98,1319.81,1389.24,323378.0899808
2023-01-12 00:00:00,1389.21,1438.55,1361.39,1416.05,498193.37603557
2023-01-13 00:00:00,1416.05,1466.0,1400.75,1451.78,360619.22951853
2023-01-14 00:00:00,1451.7,1597.99,1449.38,1550.06,416565.15549879
2023-01-15 00:00:00,1550.06,1567.37,1516.06,1552.89,239830.62852681
2023-01-16 00:00:00,1552.83,1603.91,1521.01,1576.85,358689.23697211
2023-01-17 00:00:00,1577.01,1608.65,1540.49,1565.68,305156.24219933
2023-01-18 00:00:00,1565.52,1612.66,1500.32,1510.83,448866.83667712
2023-01-19 00:00:00,1510.9,1564.61,1508.87,1550.98,301311.86624594
2023-01-20 00:00:00,1550.96,1668.0,1541.94,1658.25,384319.56762063
2023-01-21 00:00:00,1658.36,1680.0,1617.29,1626.8,279483.48492139
2023-01-22 00:00:00,1626.83,1664.42,1603.39,1627.88,260032.85446371
2023-01-23 00:00:00,1628.01,1648.56,1584.43,1626.55,318174.33544585
2023-01-24 00:00:00,1626.71,1641.72,1528.95,1556.09,328086.36249044
2023-01-25 00:00:00,1556.1,1640.92,1513.77,1612.54,400283.96163126
2023-01-26 00:00:00,1612.64,1633.55,1577.61,1601.1,287943.16630833
2023-01-27 00:00:00,1601.14,1622.32,1550.0,1598.18,268869.68835868
2023-01-28 00:00:00,1598.14,1606.99,1556.21,1572.3,157162.92260998
2023-01-29 00:00:00,1572.4,1661.0,1566.61,1644.89,248495.16574301
2023-01-30 00:00:00,1644.79,1647.73,1534.71,1566.23,338686.64935097
2023-01-31 00:00:00,1566.23,1605.01,1561.43,1585.39,260524.32481966
2023-02-01 00:00:00,1585.32,1647.75,1556.83,1642.05,249363.55705356
2023-02-02 00:00:00,1642.06,1714.83,1625.86,1643.19,247393.67193925
2023-02-03 00:00:00,1643.14,1676.53,1625.0,1663.69,174700.87440617
2023-02-04 00:00:00,1663.63,1695.0,1645.33,1666.83,87920.78907165
2023-02-05 00:00:00,1666.83,1673.81,1608.91,1629.37,98366.95792608
2023-02-06 00:00:00,1629.44,1658.41,1605.0,1614.5,127337.9625051
2023-02-07 00:00:00,1614.57,1678.57,1613.26,1671.28,160326.3142596
2023-02-08 00:00:00,1671.27,1699.66,1630.33,1650.65,160919.28668196
2023-02-09 00:00:00,1650.65,1656.02,1524.31,1545.54,208804.37359024
2023-02-10 00:00:00,1545.64,1554.89,1491.44,1513.04,208821.85745678
2023-02-11 00:00:00,1513.04,1543.61,1505.05,1538.86,45695.84884336
2023-02-12 00:00:00,1538.85,1548.2,1493.77,1515.25,63658.2777464
2023-02-13 00:00:00,1515.24,1526.64,1462.0,1506.29,184081.98744754
2023-02-14 00:00:00,1506.29,1569.16,1490.23,1556.67,166683.0389409
2023-02-15 00:00:00,1556.52,1682.45,1540.85,1674.88,194454.22724882
2023-02-16 00:00:00,1674.8,1742.5,1633.63,1637.83,265109.62279703
2023-02-17 00:00:00,1637.88,1722.07,1630.2,1694.37,193779.10526277
2023-02-18 00:00:00,1694.32,1713.75,1680.14,1691.82,83934.5636202
2023-02-19 00:00:00,1691.81,1727.0,1666.67,1680.23,125069.25929165
2023-02-20 00:00:00,1680.42,1720.02,1650.72,1703.63,128111.15414263
2023-02-21 00:00:00,1703.62,1716.82,1636.42,1659.76,165366.23058318
2023-02-22 00:00:00,1659.76,1667.14,1594.84,1642.95,225280.02772351
2023-02-23 00:00:00,1642.99,1679.03,1629.3,1650.62,193711.79800745
2023-02-24 00:00:00,1650.62,1664.65,1575.44,1607.57,220198.199975
2023-02-25 00:00:00,1607.64,1609.05,1557.89,1594.51,101537.791246
2023-02-26 00:00:00,1594.5,1651.6,1587.64,1641.41,102165.02620752
2023-02-27 00:00:00,1641.34,1665.29,1608.23,1633.26,168619.95684808
2023-02-28 00:00:00,1633.22,1647.6,1597.32,1605.4,121647.07726004
2023-03-01 00:00:00,1605.59,1669.9,1595.0,1665.2,159957.7634787
2023-03-02 00:00:00,1665.2,1678.14,1619.0,1647.87,142104.54557876
2023-03-03 00:00:00,1647.82,1649.28,1547.54,1569.54,215881.09939694
2023-03-04 00:00:00,1569.55,1577.6,1550.0,1566.72,30134.44715405
2023-03-05 00:00:00,1566.72,1588.35,1553.5,1564.81,63988.35247481
2023-03-06 00:00:00,1564.8,1583.19,1554.8,1565.85,110665.70266199
2023-03-07 00:00:00,1565.82,1584.23,1535.7,1561.67,159584.17283139
2023-03-08 00:00:00,1561.61,1570.77,1522.73,1532.17,167130.97340169
2023-03-09 00:00:00,1532.11,1546.09,1407.0,1437.41,275519.01763011
2023-03-10 00:00:00,1437.39,1438.7,1369.79,1432.15,378169.2201289
2023-03-11 00:00:00,1432.15,1499.0,1416.98,1483.68,237241.39320646
2023-03-12 00:00:00,1483.62,1612.0,1459.79,1592.31,173448.47788935
2023-03-13 00:00:00,1592.04,1702.6,1571.0,1681.93,327008.79604186
2023-03-14 00:00:00,1681.93,1787.74,1650.45,1704.95,396668.70615898
2023-03-15 00:00:00,1704.9,1722.79,1613.7,1656.8,307749.31182138
2023-03-16 00:00:00,1656.7,1696.0,1637.72,1677.24,176868.38336715
2023-03-17 00:00:00,1677.36,1803.73,1666.16,1793.66,329141.08281765
2023-03-18 00:00:00,1793.61,1846.0,1752.52,1763.68,235521.57569177
2023-03-19 00:00:00,1763.88,1846.77,1762.62,1786.4,191354.71647603
2023-03-20 00:00:00,1786.37,1809.1,1728.52,1739.42,249197.06842683
2023-03-21 00:00:00,1739.28,1839.99,1724.37,1807.23,215769.94317511
2023-03-22 00:00:00,1806.79,1823.8,1715.17,1739.18,196097.23997699
2023-03-23 00:00:00,1738.99,1861.67,1733.77,1817.49,182879.51736378
2023-03-24 00:00:00,1817.27,1822.55,1728.27,1751.93,193658.46405908
2023-03-25 00:00:00,1751.79,1764.93,1715.23,1743.8,80639.99683541
2023-03-26 00:00:00,1743.69,1801.02,1741.01,1775.86,81741.29679602
2023-03-27 00:00:00,1775.85,1782.19,1688.0,1716.42,120123.69610665
2023-03-28 00:00:00,1716.13,1795.54,1701.81,1773.7,126114.46205033
2023-03-29 00:00:00,1773.82,1827.7,1772.99,1793.41,124064.2834112
2023-03-30 00:00:00,1793.4,1829.82,1762.94,1793.68,136706.00627233
2023-03-31 00:00:00,1793.68,1847.12,1779.47,1822.01,150470.34252747
2023-04-01 00:00:00,1822.11,1843.0,1809.12,1821.73,75499.214378
2023-04-02 00:00:00,1821.69,1825.97,1773.25,1795.37,53524.50081719
2023-04-03 00:00:00,1795.41,1839.99,1763.58,1810.92,156367.81692427
2023-04-04 00:00:00,1810.91,1892.1,1802.76,1871.36,160288.10821587
2023-04-05 00:00:00,1871.19,1943.64,1865.24,1908.9,159154.20039336
2023-04-06 00:00:00,1908.89,1910.59,1854.06,1873.29,106044.26222348
2023-04-07 00:00:00,1873.28,1883.35,1842.25,1865.02,59267.01815764
2023-04-08 00:00:00,1865.02,1880.56,1848.21,1850.06,38479.70792157
2023-04-09 00:00:00,1849.83,1874.78,1823.11,1859.84,57884.00934696
2023-04-10 00:00:00,1859.85,1920.0,1847.5,1911.23,100746.45225435
2023-04-11 00:00:00,1911.22,1938.85,1883.24,1891.82,115741.82211523
2023-04-12 00:00:00,1891.78,1934.08,1855.79,1918.91,156466.30398029
2023-04-13 00:00:00,1918.9,2025.0,1901.12,2013.98,199544.51674204
2023-04-14 00:00:00,2014.12,2131.2,2011.2,2101.85,261883.28915686
2023-04-15 00:00:00,2101.81,2112.88,2073.79,2092.45,82555.5452833
2023-04-16 00:00:00,2092.44,2142.85,2074.32,2120.07,87897.67238295
2023-04-17 00:00:00,2120.01,2122.02,2058.0,2075.63,111821.36109573
2023-04-18 00:00:00,2075.63,2125.0,2052.52,2104.61,98463.83447004
2023-04-19 00:00:00,2104.54,2105.9,1923.33,1934.8,180156.78946917
2023-04-20 00:00:00,1934.63,1983.34,1914.16,1943.16,127783.1585988
2023-04-21 00:00:00,1942.91,1956.81,1824.67,1848.16,184098.48749579
2023-04-22 00:00:00,1848.21,1887.88,1842.11,1874.48,58568.76361222
2023-04-23 00:00:00,1874.48,1882.6,1837.3,1861.9,59392.15616391
2023-04-24 00:00:00,1861.91,1890.0,1805.38,1842.17,151059.34701623
2023-04-25 00:00:00,1842.11,1878.16,1801.46,1866.23,121957.82152629
2023-04-26 00:00:00,1866.22,1965.04,1785.51,1866.73,220757.79257172
2023-04-27 00:00:00,1866.73,1939.56,1862.08,1908.92,173658.77646459
2023-04-28 00:00:00,1908.92,1924.79,1875.0,1892.54,102737.14594464
2023-04-29 00:00:00,1892.43,1919.15,1884.58,1908.96,43424.36883267
2023-04-30 00:00:00,1908.96,1939.76,1866.5,1870.76,68260.39204639
2023-05-01 00:00:00,1870.67,1887.12,1805.95,1831.41,123062.84388793
2023-05-02 00:00:00,1831.36,1882.55,1823.21,1871.26,96998.09681491
2023-05-03 00:00:00,1871.27,1917.16,1843.52,1905.89,104662.74530586
2023-05-04 00:00:00,1905.89,1918.34,1867.71,1878.01,69495.9189541
2023-05-05 00:00:00,1878.25,2000.0,1876.36,1995.76,181402.98639087
2023-05-06 00:00:00,1995.77,2020.0,1864.06,1900.12,112739.21557998
2023-05-07 00:00:00,1900.12,1936.45,1870.61,1873.27,74231.15468325
2023-05-08 00:00:00,1873.28,1886.87,1810.0,1849.11,168218.43505268
2023-05-09 00:00:00,1849.11,1862.57,1832.0,1847.7,93273.22792235
2023-05-10 00:00:00,1847.5,1888.97,1789.75,1842.47,176402.42399244
2023-05-11 00:00:00,1842.33,1843.62,1772.26,1795.24,133802.64396645
2023-05-12 00:00:00,1795.22,1817.25,1737.76,1808.35,138780.08409832
2023-05-13 00:00:00,1808.24,1817.32,1786.44,1795.99,51855.71796261
2023-05-14 00:00:00,1796.01,1824.67,1790.49,1800.03,46196.57094705
2023-05-15 00:00:00,1800.0,1848.05,1785.52,1816.79,117667.19574722
2023-05-16 00:00:00,1816.8,1833.25,1796.86,1824.64,82503.84666329
2023-05-17 00:00:00,1824.57,1837.15,1783.59,1822.49,94085.03920847
2023-05-18 00:00:00,1822.46,1831.84,1770.88,1800.61,80676.45327688
2023-05-19 00:00:00,1800.61,1830.0,1797.08,1812.84,64344.11418462
2023-05-20 00:00:00,1812.84,1829.85,1807.26,1819.96,33384.79974843
2023-05-21 00:00:00,1819.9,1829.53,1797.19,1805.28,33106.35974055
2023-05-22 00:00:00,1805.35,1829.51,1791.99,1817.76,65551.70673749
2023-05-23 00:00:00,1817.76,1873.7,1815.59,1854.41,86046.40887122
2023-05-24 00:00:00,1854.42,1854.75,1774.56,1799.75,91641.79624798
2023-05-25 00:00:00,1799.79,1818.94,1759.45,1805.83,83744.8701424
2023-05-26 00:00:00,1805.76,1838.96,1796.75,1828.43,69736.78276535
2023-05-27 00:00:00,1828.32,1837.0,1812.92,1830.67,28429.50747639
2023-05-28 00:00:00,1830.6,1921.0,1823.86,1909.25,81609.20883023
2023-05-29 00:00:00,1909.1,1928.51,1874.14,1893.2,91048.58194716
2023-05-30 00:00:00,1893.18,1917.61,1881.93,1901.11,96724.31896018
2023-05-31 00:00:00,1901.1,1908.04,1847.61,1874.04,93058.72475908
2023-06-01 00:00:00,1874.08,1889.29,1839.72,1862.43,96470.72304438
2023-06-02 00:00:00,1862.33,1911.31,1847.66,1907.41,87806.05449698
2023-06-03 00:00:00,1907.44,1909.63,1882.42,1892.62,33883.00307554
2023-06-04 00:00:00,1892.62,1914.83,1884.72,1890.23,32506.25336073
2023-06-05 00:00:00,1890.22,1891.34,1777.25,1811.21,133729.38796529
2023-06-06 00:00:00,1811.21,1898.25,1796.52,1884.95,117911.62779482
2023-06-07 00:00:00,1884.93,1898.0,1820.0,1832.49,126968.80186389
2023-06-08 00:00:00,1832.43,1861.59,1828.63,1845.99,53739.2409447
2023-06-09 00:00:00,1846.21,1855.44,1826.92,1840.46,61326.07108796
2023-06-10 00:00:00,1840.46,1845.19,1716.24,1752.32,180377.32723936
2023-06-11 00:00:00,1752.32,1778.65,1739.0,1753.1,67320.65838212
2023-06-12 00:00:00,1753.1,1759.58,1719.74,1742.66,104213.35741918
2023-06-13 00:00:00,1742.69,1766.23,1723.68,1739.54,112831.26060085
2023-06-14 00:00:00,1739.51,1749.85,1630.0,1650.84,124654.02551192
2023-06-15 00:00:00,1650.84,1678.91,1620.15,1665.28,137062.43019777
2023-06-16 00:00:00,1665.17,1727.8,1648.29,1716.8,88651.50050649
2023-06-17 00:00:00,1716.71,1769.08,1712.96,1727.09,45580.87620723
2023-06-18 00:00:00,1727.15,1747.4,1712.61,1720.43,37169.42339912
2023-06-19 00:00:00,1720.4,1750.71,1698.53,1736.58,64986.67973263
2023-06-20 00:00:00,1736.45,1797.24,1713.79,1792.86,131094.31127116
2023-06-21 00:00:00,1792.71,1901.86,1787.4,1889.57,205714.82101311
2023-06-22 00:00:00,1889.46,1933.72,1866.57,1872.13,136777.14234797
2023-06-23 00:00:00,1872.13,1936.68,1861.37,1893.66,112622.71955974
2023-06-24 00:00:00,1893.74,1906.86,1865.64,1875.87,44081.47507327
2023-06-25 00:00:00,1875.88,1930.66,1869.88,1899.73,67353.84099709
2023-06-26 00:00:00,1899.8,1908.95,1836.25,1859.19,89749.72763224
2023-06-27 00:00:00,1859.19,1912.6,1855.41,1889.82,92097.01330236
2023-06-28 00:00:00,1889.77,1890.49,1816.0,1827.37,101759.55539935
2023-06-29 00:00:00,1827.3,1879.6,1826.43,1852.11,72773.6432135
2023-06-30 00:00:00,1851.98,1946.75,1823.2,1933.57,211965.83457331
2023-07-01 00:00:00,1933.7,1944.32,1908.65,1924.14,56737.84297268
2023-07-02 00:00:00,1924.14,1959.7,1885.33,1937.26,85221.98862426
2023-07-03 00:00:00,1937.28,1976.99,1933.46,1955.76,104013.30517861
2023-07-04 00:00:00,1955.76,1967.07,1931.7,1936.42,61516.63477519
2023-07-05 00:00:00,1936.44,1942.66,1894.18,1910.14,70482.06535559
2023-07-06 00:00:00,1910.15,1957.76,1845.7,1845.8,124378.76917782
2023-07-07 00:00:00,1846.04,1878.09,1825.38,1870.93,86368.39903159
2023-07-08 00:00:00,1870.9,1873.23,1842.57,1865.56,49501.03716728
2023-07-09 00:00:00,1865.56,1879.35,1856.62,1863.01,34389.84936597
2023-07-10 00:00:00,1862.99,1905.83,1846.99,1880.62,90689.06095885
2023-07-11 00:00:00,1880.62,1891.7,1862.23,1878.66,58861.84428148
2023-07-12 00:00:00,1878.58,1905.0,1864.17,1871.65,91650.67609635
2023-07-13 00:00:00,1871.65,2014.26,1862.44,2005.95,217832.11589025
2023-07-14 00:00:00,2005.95,2029.34,1898.88,1938.91,164795.03146848
2023-07-15 00:00:00,1938.99,1947.04,1926.92,1931.9,40675.73037046
2023-07-16 00:00:00,1931.89,1944.15,1914.75,1923.38,39618.81522884
2023-07-17 00:00:00,1923.21,1936.93,1873.61,1911.38,132065.00633478
2023-07-18 00:00:00,1911.26,1917.49,1876.01,1897.72,129808.3219303
2023-07-19 00:00:00,1897.72,1922.33,1882.15,1888.73,111607.1389253
2023-07-20 00:00:00,1888.65,1929.03,1877.77,1891.72,100239.01603496
2023-07-21 00:00:00,1891.76,1905.41,1884.43,1891.92,55231.96794047
2023-07-22 00:00:00,1891.92,1897.62,1851.35,1866.69,42352.40590843
2023-07-23 00:00:00,1866.61,1905.24,1858.19,1888.65,61563.29015459
2023-07-24 00:00:00,1888.64,1890.93,1832.83,1849.69,127978.12302658
2023-07-25 00:00:00,1849.68,1868.14,1844.69,1857.28,57416.82122515
2023-07-26 00:00:00,1857.29,1887.75,1848.03,1871.92,72684.04508266
2023-07-27 00:00:00,1871.92,1886.15,1854.39,1860.88,53352.21578164
2023-07-28 00:00:00,1860.87,1882.77,1856.18,1874.05,52751.71445622
2023-07-29 00:00:00,1874.01,1886.26,1869.1,1880.71,23628.03151224
2023-07-30 00:00:00,1880.88,1885.46,1848.81,1861.65,49111.67488831
2023-07-31 00:00:00,1861.65,1876.82,1850.55,1856.0,84251.52019913
2023-08-01 00:00:00,1856.09,1874.88,1812.0,1872.89,160429.43174522
2023-08-02 00:00:00,1872.78,1878.86,1820.1,1838.92,102907.11387493
2023-08-03 00:00:00,1838.91,1857.6,1824.0,1834.34,70134.44959281
2023-08-04 00:00:00,1834.34,1849.99,1813.45,1827.3,72934.78259447
2023-08-05 00:00:00,1827.3,1837.16,1824.45,1834.66,24788.06790609
2023-08-06 00:00:00,1834.66,1836.92,1823.7,1827.5,25736.92637861
2023-08-07 00:00:00,1827.49,1844.11,1800.0,1826.9,80578.46482025
2023-08-08 00:00:00,1826.9,1876.1,1824.0,1855.71,90788.09462297
2023-08-09 00:00:00,1855.71,1870.85,1843.35,1854.09,67061.64786301
2023-08-10 00:00:00,1854.09,1864.35,1844.07,1850.38,47379.65206671
2023-08-11 00:00:00,1850.38,1855.54,1836.41,1846.76,51401.34991694
2023-08-12 00:00:00,1846.77,1852.7,1844.93,1849.09,20642.38300552
2023-08-13 00:00:00,1849.08,1859.99,1833.03,1838.98,28666.82026917
2023-08-14 00:00:00,1838.98,1854.19,1833.27,1844.01,50098.05830532
2023-08-15 00:00:00,1844.0,1845.65,1811.34,1827.19,50058.31066665
2023-08-16 00:00:00,1827.19,1829.39,1795.15,1805.51,67033.45677979
2023-08-17 00:00:00,1805.51,1808.18,1540.0,1681.42,189703.49281099
2023-08-18 00:00:00,1681.46,1699.33,1640.18,1661.4,160121.56920578
2023-08-19 00:00:00,1661.28,1696.0,1653.84,1669.65,54692.61607557
2023-08-20 00:00:00,1669.65,1694.48,1661.83,1685.39,46426.8880623
2023-08-21 00:00:00,1685.36,1688.1,1648.65,1667.2,79185.22915024
2023-08-22 00:00:00,1667.2,1669.11,1579.34,1634.33,110850.76953958
2023-08-23 00:00:00,1634.32,1700.46,1628.81,1679.22,111905.50727937
2023-08-24 00:00:00,1679.21,1683.16,1634.73,1660.36,77217.23328739
2023-08-25 00:00:00,1660.41,1676.19,1634.54,1652.75,83010.44896333
2023-08-26 00:00:00,1652.77,1654.74,1643.0,1646.25,18986.91545465
2023-08-27 00:00:00,1646.26,1659.43,1645.38,1657.51,22244.70853004
2023-08-28 00:00:00,1657.5,1662.7,1621.04,1651.94,60673.32488256
2023-08-29 00:00:00,1651.93,1745.88,1639.04,1729.34,122268.81218601
2023-08-30 00:00:00,1729.26,1730.96,1694.98,1705.47,61097.35135783
2023-08-31 00:00:00,1705.46,1726.16,1629.76,1645.58,116578.15874188
2023-09-01 00:00:00,1645.58,1654.27,1601.69,1628.46,92601.69188977
2023-09-02 00:00:00,1628.46,1644.64,1627.43,1636.83,30753.43898001
2023-09-03 00:00:00,1636.83,1646.97,1624.93,1635.68,36069.9532434
2023-09-04 00:00:00,1635.65,1644.57,1615.85,1629.75,43034.41180385
2023-09-05 00:00:00,1629.75,1646.66,1608.85,1633.85,54592.69579861
2023-09-06 00:00:00,1633.85,1669.0,1608.17,1632.08,64159.11336815
2023-09-07 00:00:00,1632.09,1659.1,1622.41,1647.44,60902.59005054
2023-09-08 00:00:00,1647.44,1658.29,1615.65,1635.94,58305.48970523
2023-09-09 00:00:00,1635.94,1637.14,1629.32,1635.14,13173.50160468
2023-09-10 00:00:00,1635.15,1635.66,1596.78,1616.65,46891.05891276
2023-09-11 00:00:00,1616.68,1618.61,1530.6,1551.36,122205.55681992
2023-09-12 00:00:00,1551.33,1624.99,1549.21,1593.07,92121.78663878
2023-09-13 00:00:00,1592.92,1618.56,1581.65,1608.06,71432.28132924
2023-09-14 00:00:00,1608.06,1644.4,1607.48,1627.18,84810.57469743
2023-09-15 00:00:00,1627.17,1636.21,1618.18,1623.38,15759.98897271
